Sample_ID,IMIC_Sample_ID,Extraction_Sample_ID,Country,Forest_Stand,Plot_ID,Longitude,Latitude,Soil_Horizon,Soil_Horizon_depth_ranges,Soil_depth_horizon_in_cm,C_in_g_per_m_square,N_in_g_per_m_square,CN_ratio_g_per_m_square,empty F50,wet F50,dry F50,ph_stand_ranges,elevation_stand_ranges,slope_stand_ranges,aspect_stand_ranges,mean_annual_precipitation_stand_ranges,mean_annual_temp_stand_ranges,stand_area,mean_height_of_dominant_tree_in_stand,Total_C_in_Mg_per_ha
HOF001,Bad_01_01_FH,BAD_1,Slovakia,Badin,Bad_01_01,19.0531825,48.6880634,FH,FH,4.5,362.4369044,13.84291705,26.18211921,13.133,17.162,15.052,4.57-6.29,700-850,20-40,N-NE,850-900,5.5-6,30.7,44,356.447
HOF002,Bad_01_01_1,BAD_2,Slovakia,Badin,Bad_01_01,19.0531825,48.6880634,1,0_10,10,2913.463606,182.4038106,15.97260274,13.143,29.515,24.34,4.57-6.29,700-850,20-40,N-NE,850-900,5.5-6,30.7,44,356.447
HOF003,Bad_01_01_2,BAD_3,Slovakia,Badin,Bad_01_01,19.0531825,48.6880634,2,10_20,20,2201.044581,164.5998556,13.37209302,13.221,34.129,28.931,4.57-6.29,700-850,20-40,N-NE,850-900,5.5-6,30.7,44,356.447
HOF004,Bad_01_01_3,BAD_4,Slovakia,Badin,Bad_01_01,19.0531825,48.6880634,3,20_40,40,2278.161212,160.4338882,14.2,13.249,35.714,30.798,4.57-6.29,700-850,20-40,N-NE,850-900,5.5-6,30.7,44,356.447
HOF005,Bad_01_01_4,BAD_5,Slovakia,Badin,Bad_01_01,19.0531825,48.6880634,4,40_80,80,2337.138924,184.95344,12.63636364,13.168,37.306,31.692,4.57-6.29,700-850,20-40,N-NE,850-900,5.5-6,30.7,44,356.447
HOF006,Bad_01_02_FH,BAD_6,Slovakia,Badin,Bad_01_02,19.0535446,48.6880856,FH,FH,3.62,481.8614457,18.73892864,25.71446078,13.154,18.577,15.851,4.57-6.29,700-850,20-40,N-NE,850-900,5.5-6,30.7,44,356.447
HOF007,Bad_01_02_1,BAD_7,Slovakia,Badin,Bad_01_02,19.0535446,48.6880856,1,0_10,10,2248.483307,140.7712533,15.97260274,13.184,32.711,26.879,4.57-6.29,700-850,20-40,N-NE,850-900,5.5-6,30.7,44,356.447
HOF008,Bad_01_02_2,BAD_8,Slovakia,Badin,Bad_01_02,19.0535446,48.6880856,2,10_20,20,1534.48596,110.03097,13.94594595,13.309,35.744,30.578,4.57-6.29,700-850,20-40,N-NE,850-900,5.5-6,30.7,44,356.447
HOF009,Bad_01_02_3,BAD_9,Slovakia,Badin,Bad_01_02,19.0535446,48.6880856,3,20_40,40,1651.59531,120.3591724,13.72222222,13.178,38.47,33.461,4.57-6.29,700-850,20-40,N-NE,850-900,5.5-6,30.7,44,356.447
HOF010,Bad_01_02_4,BAD_10,Slovakia,Badin,Bad_01_02,19.0535446,48.6880856,4,40_80,80,1549.74587,118.2009562,13.11111111,13.251,41.172,36.05,4.57-6.29,700-850,20-40,N-NE,850-900,5.5-6,30.7,44,356.447
HOF011,Bad_02_01_FH,BAD_11,Slovakia,Badin,Bad_02_01,19.0539925,48.6890174,FH,FH,12.12,2476.294454,73.05361412,33.89694656,13.194,25.454,16.934,4.57-6.29,700-850,20-40,N-NE,850-900,5.5-6,30.7,44,345.515
HOF012,Bad_02_01_1,BAD_12,Slovakia,Badin,Bad_02_01,19.0539925,48.6890174,1,0_10,10,2226.528649,108.8812186,20.44915254,13.678,30.105,23.409,4.57-6.29,700-850,20-40,N-NE,850-900,5.5-6,30.7,44,345.515
HOF013,Bad_02_01_2,BAD_13,Slovakia,Badin,Bad_02_01,19.0539925,48.6890174,2,10_20,20,1400.98809,72.60595213,19.29577465,13.392,34.11,27.254,4.57-6.29,700-850,20-40,N-NE,850-900,5.5-6,30.7,44,345.515
HOF014,Bad_02_01_3,BAD_14,Slovakia,Badin,Bad_02_01,19.0539925,48.6890174,3,20_40,40,2535.992304,132.5431518,19.13333333,13.413,38.049,30.907,4.57-6.29,700-850,20-40,N-NE,850-900,5.5-6,30.7,44,345.515
HOF015,Bad_02_01_4,BAD_15,Slovakia,Badin,Bad_02_01,19.0539925,48.6890174,4,40_80,80,2874.651844,151.993086,18.91304348,13.552,35.43,29.536,4.57-6.29,700-850,20-40,N-NE,850-900,5.5-6,30.7,44,345.515
HOF016,Bad_02_02_FH,BAD_16,Slovakia,Badin,Bad_02_02,19.0536638,48.6887252,FH,FH,4.12,805.6697538,36.18650933,22.26436782,13.493,20.866,16.47,4.57-6.29,700-850,20-40,N-NE,850-900,5.5-6,30.7,44,345.515
HOF017,Bad_02_02_1,BAD_17,Slovakia,Badin,Bad_02_02,19.0536638,48.6887252,1,0_10,10,2049.579398,130.3043855,15.72916667,13.538,34.407,28.964,4.57-6.29,700-850,20-40,N-NE,850-900,5.5-6,30.7,44,345.515
HOF018,Bad_02_02_2,BAD_18,Slovakia,Badin,Bad_02_02,19.0536638,48.6887252,2,10_20,20,1370.261504,98.79628396,13.86956522,13.572,38.195,33.011,4.57-6.29,700-850,20-40,N-NE,850-900,5.5-6,30.7,44,345.515
HOF019,Bad_02_02_3,BAD_19,Slovakia,Badin,Bad_02_02,19.0536638,48.6887252,3,20_40,40,1497.332602,118.6909989,12.61538462,13.428,38.685,33.697,4.57-6.29,700-850,20-40,N-NE,850-900,5.5-6,30.7,44,345.515
HOF020,Bad_02_02_4,BAD_20,Slovakia,Badin,Bad_02_02,19.0536638,48.6887252,4,40_80,80,1872.656386,141.6294745,13.22222222,13.527,38.828,33.466,4.57-6.29,700-850,20-40,N-NE,850-900,5.5-6,30.7,44,345.515
HOF021,Bad_03_01_FH,BAD_21,Slovakia,Badin,Bad_03_01,19.05286,48.6865352,FH,FH,4.25,131.384336,6.929656,18.95971979,13.462,20.595,18.042,4.57-6.29,700-850,20-40,N-NE,850-900,5.5-6,30.7,44,277.104
HOF022,Bad_03_01_1,BAD_22,Slovakia,Badin,Bad_03_01,19.05286,48.6865352,1,0_10,10,2729.506165,194.2345211,14.05263158,13.616,32.406,26.981,4.57-6.29,700-850,20-40,N-NE,850-900,5.5-6,30.7,44,277.104
HOF023,Bad_03_01_2,BAD_23,Slovakia,Badin,Bad_03_01,19.05286,48.6865352,2,10_20,20,1923.019056,146.748672,13.10416667,13.406,37.889,31.99,4.57-6.29,700-850,20-40,N-NE,850-900,5.5-6,30.7,44,277.104
HOF024,Bad_03_01_3,BAD_24,Slovakia,Badin,Bad_03_01,19.05286,48.6865352,3,20_40,40,2899.262172,220.8961655,13.125,13.5,39.511,33.741,4.57-6.29,700-850,20-40,N-NE,850-900,5.5-6,30.7,44,277.104
HOF025,Bad_03_01_4,BAD_25,Slovakia,Badin,Bad_03_01,19.05286,48.6865352,4,40_80,80,1438.098129,105.1101623,13.68181818,13.548,38.972,33.304,4.57-6.29,700-850,20-40,N-NE,850-900,5.5-6,30.7,44,277.104
HOF026,Bad_03_02_FH,BAD_26,Slovakia,Badin,Bad_03_02,19.0524336,48.6861552,FH,FH,5.43,656.7810773,33.208032,19.77777778,13.606,24.114,19.631,4.57-6.29,700-850,20-40,N-NE,850-900,5.5-6,30.7,44,277.104
HOF027,Bad_03_02_1,BAD_27,Slovakia,Badin,Bad_03_02,19.0524336,48.6861552,1,0_10,10,2937.270153,178.273622,16.47619048,13.404,33.307,26.932,4.57-6.29,700-850,20-40,N-NE,850-900,5.5-6,30.7,44,277.104
HOF028,Bad_03_02_2,BAD_28,Slovakia,Badin,Bad_03_02,19.0524336,48.6861552,2,10_20,20,2250.798275,157.0324378,14.33333333,13.482,37.195,31.28,4.57-6.29,700-850,20-40,N-NE,850-900,5.5-6,30.7,44,277.104
HOF029,Bad_03_02_3,BAD_29,Slovakia,Badin,Bad_03_02,19.0524336,48.6861552,3,20_40,40,3352.423218,245.6230873,13.64864865,13.356,39.751,33.527,4.57-6.29,700-850,20-40,N-NE,850-900,5.5-6,30.7,44,277.104
HOF030,Bad_03_02_4,BAD_30,Slovakia,Badin,Bad_03_02,19.0524336,48.6861552,4,40_80,80,1567.99926,127.1350751,12.33333333,13.422,39.034,33.612,4.57-6.29,700-850,20-40,N-NE,850-900,5.5-6,30.7,44,277.104
HOF031,Bad_04_01_FH,BAD_31,Slovakia,Badin,Bad_04_01,19.0517427,48.6871004,FH,FH,7.62,1789.092561,78.93055418,22.66666667,13.585,21.984,17.677,4.57-6.29,700-850,20-40,N-NE,850-900,5.5-6,30.7,44,377.482
HOF032,Bad_04_01_1,BAD_32,Slovakia,Badin,Bad_04_01,19.0517427,48.6871004,1,0_10,10,2907.922,216.036658,13.46031746,13.554,34.926,28.264,4.57-6.29,700-850,20-40,N-NE,850-900,5.5-6,30.7,44,377.482
HOF033,Bad_04_01_2,BAD_33,Slovakia,Badin,Bad_04_01,19.0517427,48.6871004,2,10_20,20,2343.313553,187.4650842,12.5,13.463,37.5,31.543,4.57-6.29,700-850,20-40,N-NE,850-900,5.5-6,30.7,44,377.482
HOF034,Bad_04_01_3,BAD_34,Slovakia,Badin,Bad_04_01,19.0517427,48.6871004,3,20_40,40,3514.727657,294.3807429,11.93939394,13.615,39.597,33.626,4.57-6.29,700-850,20-40,N-NE,850-900,5.5-6,30.7,44,377.482
HOF035,Bad_04_01_4,BAD_35,Slovakia,Badin,Bad_04_01,19.0517427,48.6871004,4,40_80,80,3879.494985,315.0858871,12.3125,13.596,43.473,36.049,4.57-6.29,700-850,20-40,N-NE,850-900,5.5-6,30.7,44,377.482
HOF036,Bad_04_02_FH,BAD_36,Slovakia,Badin,Bad_04_02,19.0508924,48.6873289,FH,FH,5.93,634.2476425,29.5417936,21.46950355,13.391,21.781,17.548,4.57-6.29,700-850,20-40,N-NE,850-900,5.5-6,30.7,44,377.482
HOF037,Bad_04_02_1,BAD_37,Slovakia,Badin,Bad_04_02,19.0508924,48.6873289,1,0_10,10,2809.471639,158.6812367,17.70512821,13.486,36.115,28.772,4.57-6.29,700-850,20-40,N-NE,850-900,5.5-6,30.7,44,377.482
HOF038,Bad_04_02_2,BAD_38,Slovakia,Badin,Bad_04_02,19.0508924,48.6873289,2,10_20,20,3241.46046,221.4112336,14.64,13.464,38.684,32.016,4.57-6.29,700-850,20-40,N-NE,850-900,5.5-6,30.7,44,377.482
HOF039,Bad_04_02_3,BAD_39,Slovakia,Badin,Bad_04_02,19.0508924,48.6873289,3,20_40,40,3828.913766,245.9687644,15.56666667,13.429,41.55,34.857,4.57-6.29,700-850,20-40,N-NE,850-900,5.5-6,30.7,44,377.482
HOF040,Bad_04_02_4,BAD_40,Slovakia,Badin,Bad_04_02,19.0508924,48.6873289,4,40_80,80,2395.410735,164.2015423,14.58823529,13.69,41.143,35.07,4.57-6.29,700-850,20-40,N-NE,850-900,5.5-6,30.7,44,377.482
HOF041,Dob_1a_01_FH,DOB_1,Slovakia,Dobroc,Dob_1a_01,19.6764555,48.6789829,FH,FH,7,1434.72,75.67,18.95921697,13.579,24.94,19.082,3.78-5.89,720-1000,30-50,W,890-960,4.5-5,101.82,38,298.084
HOF042,Dob_1a_01_1,DOB_2,Slovakia,Dobroc,Dob_1a_01,19.6764555,48.6789829,1,0_10,10,3239.38,203.26,15.9375,13.495,33.209,26.646,3.78-5.89,720-1000,30-50,W,890-960,4.5-5,101.82,38,298.084
HOF043,Dob_1a_01_2,DOB_3,Slovakia,Dobroc,Dob_1a_01,19.6764555,48.6789829,2,10_20,20,2160.05,136.66,15.80645161,13.643,35.546,29.804,3.78-5.89,720-1000,30-50,W,890-960,4.5-5,101.82,38,298.084
HOF044,Dob_1a_01_3,DOB_4,Slovakia,Dobroc,Dob_1a_01,19.6764555,48.6789829,3,20_40,40,2450.801289,139.2,17.60606061,13.401,36.688,30.824,3.78-5.89,720-1000,30-50,W,890-960,4.5-5,101.82,38,298.084
HOF045,Dob_1a_01_4,DOB_5,Slovakia,Dobroc,Dob_1a_01,19.6764555,48.6789829,4,40_80,80,3001.8,131.39,22.84615385,13.33,41.637,35.808,3.78-5.89,720-1000,30-50,W,890-960,4.5-5,101.82,38,298.084
HOF046,Dob_1a_02_FH,DOB_6,Slovakia,Dobroc,Dob_1a_02,19.0508924,48.6873289,FH,FH,5.93,238.31,10.84,21.97530864,13.381,25.703,18.937,3.78-5.89,720-1000,30-50,W,890-960,4.5-5,101.82,38,298.084
HOF047,Dob_1a_02_1,DOB_7,Slovakia,Dobroc,Dob_1a_02,19.0508924,48.6873289,1,0_10,10,2863.89,170.4,16.80733945,13.6,31.117,25.175,3.78-5.89,720-1000,30-50,W,890-960,4.5-5,101.82,38,298.084
HOF048,Dob_1a_02_2,DOB_8,Slovakia,Dobroc,Dob_1a_02,19.0508924,48.6873289,2,10_20,20,2913.2,200.69,14.515625,13.727,38.024,31.335,3.78-5.89,720-1000,30-50,W,890-960,4.5-5,101.82,38,298.084
HOF049,Dob_1a_02_3,DOB_9,Slovakia,Dobroc,Dob_1a_02,19.0508924,48.6873289,3,20_40,40,2957.717603,180.97,16.34375,13.463,36.231,30.785,3.78-5.89,720-1000,30-50,W,890-960,4.5-5,101.82,38,298.084
HOF050,Dob_1a_02_4,DOB_10,Slovakia,Dobroc,Dob_1a_02,19.0508924,48.6873289,4,40_80,80,4226.33,182.17,23.2,13.59,42.674,37.201,3.78-5.89,720-1000,30-50,W,890-960,4.5-5,101.82,38,298.084
HOF051,Dob_1b_01_FH,DOB_11,Slovakia,Dobroc,Dob_1b_01,19.6763364,48.6794298,FH,FH,4.75,1135.26,51.93,21.86219081,13.368,23.253,17.167,3.78-5.89,720-1000,30-50,W,890-960,4.5-5,101.82,38,330.576
HOF052,Dob_1b_01_1,DOB_12,Slovakia,Dobroc,Dob_1b_01,19.6763364,48.6794298,1,0_10,10,4349.04,302.15,14.39344262,13.526,31.454,25.086,3.78-5.89,720-1000,30-50,W,890-960,4.5-5,101.82,38,330.576
HOF053,Dob_1b_01_2,DOB_13,Slovakia,Dobroc,Dob_1b_01,19.6763364,48.6794298,2,10_20,20,2244.89,153.45,14.62962963,13.661,38.461,32.032,3.78-5.89,720-1000,30-50,W,890-960,4.5-5,101.82,38,330.576
HOF054,Dob_1b_01_3,DOB_14,Slovakia,Dobroc,Dob_1b_01,19.6763364,48.6794298,3,20_40,40,2692.354181,152.18,17.69230769,13.688,37.629,31.776,3.78-5.89,720-1000,30-50,W,890-960,4.5-5,101.82,38,330.576
HOF055,Dob_1b_01_4,DOB_15,Slovakia,Dobroc,Dob_1b_01,19.6763364,48.6794298,4,40_80,80,4496.01,227.65,19.75,13.532,40.662,35.353,3.78-5.89,720-1000,30-50,W,890-960,4.5-5,101.82,38,330.576
HOF056,Dob_1b_02_FH,DOB_16,Slovakia,Dobroc,Dob_1b_02,19.6767481,48.6796817,FH,FH,5.5,1208.73,66.03,18.30573248,13.522,25.46,20.164,3.78-5.89,720-1000,30-50,W,890-960,4.5-5,101.82,38,330.576
HOF057,Dob_1b_02_1,DOB_17,Slovakia,Dobroc,Dob_1b_02,19.6767481,48.6796817,1,0_10,10,5171.03,366.65,14.10344828,13.491,32.668,27.049,3.78-5.89,720-1000,30-50,W,890-960,4.5-5,101.82,38,330.576
HOF058,Dob_1b_02_2,DOB_18,Slovakia,Dobroc,Dob_1b_02,19.6767481,48.6796817,2,10_20,20,2402.66,169.73,14.15555556,13.465,36.795,30.788,3.78-5.89,720-1000,30-50,W,890-960,4.5-5,101.82,38,330.576
HOF059,Dob_1b_02_3,DOB_19,Slovakia,Dobroc,Dob_1b_02,19.6767481,48.6796817,3,20_40,40,2706.720948,151.17,17.9047619,13.639,39.519,34.124,3.78-5.89,720-1000,30-50,W,890-960,4.5-5,101.82,38,330.576
HOF060,Dob_1b_02_4,DOB_20,Slovakia,Dobroc,Dob_1b_02,19.6767481,48.6796817,4,40_80,80,2492.84,112.04,22.25,13.535,40.223,35.019,3.78-5.89,720-1000,30-50,W,890-960,4.5-5,101.82,38,330.576
HOF061,Dob_2a_01_FH,DOB_21,Slovakia,Dobroc,Dob_2a_01,19.6786143,48.6799027,FH,FH,5.62,818.3,43.62,18.76106195,13.688,24.479,20.441,3.78-5.89,720-1000,30-50,W,890-960,4.5-5,101.82,38,309.922
HOF062,Dob_2a_01_1,DOB_22,Slovakia,Dobroc,Dob_2a_01,19.6786143,48.6799027,1,0_10,10,2230.32,167.63,13.30487805,13.372,35.474,29.178,3.78-5.89,720-1000,30-50,W,890-960,4.5-5,101.82,38,309.922
HOF063,Dob_2a_01_2,DOB_23,Slovakia,Dobroc,Dob_2a_01,19.6786143,48.6799027,2,10_20,20,1798.91,142.92,12.58695652,13.539,37.721,31.692,3.78-5.89,720-1000,30-50,W,890-960,4.5-5,101.82,38,309.922
HOF064,Dob_2a_01_3,DOB_24,Slovakia,Dobroc,Dob_2a_01,19.6786143,48.6799027,3,20_40,40,2014.053211,144.31,13.95652174,13.468,37.965,32.702,3.78-5.89,720-1000,30-50,W,890-960,4.5-5,101.82,38,309.922
HOF065,Dob_2a_01_4,DOB_25,Slovakia,Dobroc,Dob_2a_01,19.6786143,48.6799027,4,40_80,80,2614.8,165.14,15.83333333,13.728,40.99,35.762,3.78-5.89,720-1000,30-50,W,890-960,4.5-5,101.82,38,309.922
HOF066,Dob_2a_02_FH,DOB_26,Slovakia,Dobroc,Dob_2a_02,19.6787633,48.6799636,FH,FH,4.5,605.8,26.92,22.50282486,13.419,22.256,17.446,3.78-5.89,720-1000,30-50,W,890-960,4.5-5,101.82,38,309.922
HOF067,Dob_2a_02_1,DOB_27,Slovakia,Dobroc,Dob_2a_02,19.6787633,48.6799636,1,0_10,10,2871.02,170.94,16.79518072,13.553,34.251,27.072,3.78-5.89,720-1000,30-50,W,890-960,4.5-5,101.82,38,309.922
HOF068,Dob_2a_02_2,DOB_28,Slovakia,Dobroc,Dob_2a_02,19.6787633,48.6799636,2,10_20,20,1143.44,78.96,14.48148148,13.443,35.95,29.579,3.78-5.89,720-1000,30-50,W,890-960,4.5-5,101.82,38,309.922
HOF069,Dob_2a_02_3,DOB_29,Slovakia,Dobroc,Dob_2a_02,19.6787633,48.6799636,3,20_40,40,1687.462158,123.94,13.61538462,13.713,37.632,32.414,3.78-5.89,720-1000,30-50,W,890-960,4.5-5,101.82,38,309.922
HOF070,Dob_2a_02_4,DOB_30,Slovakia,Dobroc,Dob_2a_02,19.6787633,48.6799636,4,40_80,80,1374.11,94.12,14.6,13.505,36.492,32.336,3.78-5.89,720-1000,30-50,W,890-960,4.5-5,101.82,38,309.922
HOF071,Dob_2b_01_FH,DOB_31,Slovakia,Dobroc,Dob_2b_01,19.6777464,48.680414,FH,FH,4.12,1184.48,65.49,18.08707124,13.385,26.755,21.212,3.78-5.89,720-1000,30-50,W,890-960,4.5-5,101.82,38,227.363
HOF072,Dob_2b_01_1,DOB_32,Slovakia,Dobroc,Dob_2b_01,19.6777464,48.680414,1,0_10,10,5305.68,304.83,17.40540541,13.736,36.266,29.527,3.78-5.89,720-1000,30-50,W,890-960,4.5-5,101.82,38,227.363
HOF073,Dob_2b_01_2,DOB_33,Slovakia,Dobroc,Dob_2b_01,19.6777464,48.680414,2,10_20,20,2490.77,143.31,17.38,13.407,36.007,30.1,3.78-5.89,720-1000,30-50,W,890-960,4.5-5,101.82,38,227.363
HOF074,Dob_2b_01_3,DOB_34,Slovakia,Dobroc,Dob_2b_01,19.6777464,48.680414,3,20_40,40,2752.785502,166.28,16.55555556,13.688,39.86,33.349,3.78-5.89,720-1000,30-50,W,890-960,4.5-5,101.82,38,227.363
HOF075,Dob_2b_01_4,DOB_35,Slovakia,Dobroc,Dob_2b_01,19.6777464,48.680414,4,40_80,80,3187.35,189.72,16.8,13.613,42.914,37.391,3.78-5.89,720-1000,30-50,W,890-960,4.5-5,101.82,38,227.363
HOF076,Dob_2b_02_FH,DOB_36,Slovakia,Dobroc,Dob_2b_02,19.6784095,48.6804846,FH,FH,5.87,977.96,46.85,20.87545126,13.577,25.094,19.465,3.78-5.89,720-1000,30-50,W,890-960,4.5-5,101.82,38,227.363
HOF077,Dob_2b_02_1,DOB_37,Slovakia,Dobroc,Dob_2b_02,19.6784095,48.6804846,1,0_10,10,2954.83,197.29,14.97674419,13.525,34.116,27.357,3.78-5.89,720-1000,30-50,W,890-960,4.5-5,101.82,38,227.363
HOF078,Dob_2b_02_2,DOB_38,Slovakia,Dobroc,Dob_2b_02,19.6784095,48.6804846,2,10_20,20,1595.75,116.83,13.65909091,13.679,37.443,31.336,3.78-5.89,720-1000,30-50,W,890-960,4.5-5,101.82,38,227.363
HOF079,Dob_2b_02_3,DOB_39,Slovakia,Dobroc,Dob_2b_02,19.6784095,48.6804846,3,20_40,40,1837.703301,128.1,14.34615385,13.712,39.447,33.535,3.78-5.89,720-1000,30-50,W,890-960,4.5-5,101.82,38,227.363
HOF080,Dob_2b_02_4,DOB_40,Slovakia,Dobroc,Dob_2b_02,19.6784095,48.6804846,4,40_80,80,2534.09,154.36,16.41666667,13.591,34.89,30.503,3.78-5.89,720-1000,30-50,W,890-960,4.5-5,101.82,38,227.363
HOF081,SIN_01_01_FH,SIN_1,Romania,Sinca,SIN_01_01,25.1721624,45.6644426,FH,FH,4.6,1369.650559,70.77659493,19.35174419,13.472,24.378,18.398,3.66-5.88,850-1350,30-40,NE-N,1100,4.5-6.5,350,22.61,336.829
HOF082,SIN_01_01_1,SIN_2,Romania,Sinca,SIN_01_01,25.1721624,45.6644426,1,0_10,10,3631.446019,258.7289784,14.03571429,13.494,29.782,23.426,3.66-5.88,850-1350,30-40,NE-N,1100,4.5-6.5,350,22.61,336.829
HOF083,SIN_01_01_2,SIN_3,Romania,Sinca,SIN_01_01,25.1721624,45.6644426,2,10_20,20,2602.596096,159.452928,16.3220339,13.517,30.854,24.497,3.66-5.88,850-1350,30-40,NE-N,1100,4.5-6.5,350,22.61,336.829
HOF084,SIN_01_01_3,SIN_4,Romania,Sinca,SIN_01_01,25.1721624,45.6644426,3,20_40,40,2837.141087,156.7182696,18.10344828,13.527,34.485,28.26,3.66-5.88,850-1350,30-40,NE-N,1100,4.5-6.5,350,22.61,336.829
HOF085,SIN_01_01_4,SIN_5,Romania,Sinca,SIN_01_01,25.1721624,45.6644426,4,40_80,80,5002.571479,287.0327898,17.42857143,13.729,32.821,27.639,3.66-5.88,850-1350,30-40,NE-N,1100,4.5-6.5,350,22.61,336.829
HOF086,SIN_01_02_FH,SIN_6,Romania,Sinca,SIN_01_02,25.1722783,45.6651767,FH,FH,3.5,904.24224,57.999376,15.59055118,13.65,26.157,20.547,3.66-5.88,850-1350,30-40,NE-N,1100,4.5-6.5,350,22.61,336.829
HOF087,SIN_01_02_1,SIN_7,Romania,Sinca,SIN_01_02,25.1722783,45.6651767,1,0_10,10,4107.275037,283.4232343,14.49166667,13.55,31.378,24.167,3.66-5.88,850-1350,30-40,NE-N,1100,4.5-6.5,350,22.61,336.829
HOF088,SIN_01_02_2,SIN_8,Romania,Sinca,SIN_01_02,25.1722783,45.6651767,2,10_20,20,2707.126836,169.1954272,16,13.643,28.395,22.988,3.66-5.88,850-1350,30-40,NE-N,1100,4.5-6.5,350,22.61,336.829
HOF089,SIN_01_02_3,SIN_9,Romania,Sinca,SIN_01_02,25.1722783,45.6651767,3,20_40,40,3822.984143,202.177046,18.90909091,13.763,32.562,26.433,3.66-5.88,850-1350,30-40,NE-N,1100,4.5-6.5,350,22.61,336.829
HOF090,SIN_01_02_4,SIN_10,Romania,Sinca,SIN_01_02,25.1722783,45.6651767,4,40_80,80,2871.527303,168.0894031,17.08333333,13.741,38.215,32.953,3.66-5.88,850-1350,30-40,NE-N,1100,4.5-6.5,350,22.61,336.829
HOF091,SIN_1s_FH,SIN_11,Romania,Sinca,SIN_1s,25.1706131,45.664483,FH,FH,4.25,1172.650813,58.69142838,19.97993311,13.577,22.902,17.235,3.66-5.88,850-1350,30-40,NE-N,1100,4.5-6.5,350,22.61,450.697
HOF092,SIN_1s_1,SIN_12,Romania,Sinca,SIN_1s,25.1706131,45.664483,1,0_10,10,3955.887153,278.0241975,14.22857143,13.533,29.338,22.366,3.66-5.88,850-1350,30-40,NE-N,1100,4.5-6.5,350,22.61,450.697
HOF093,SIN_1s_2,SIN_13,Romania,Sinca,SIN_1s,25.1706131,45.664483,2,10_20,20,2743.511717,183.9580111,14.9137931,13.413,32.161,25.34,3.66-5.88,850-1350,30-40,NE-N,1100,4.5-6.5,350,22.61,450.697
HOF094,SIN_1s_3,SIN_14,Romania,Sinca,SIN_1s,25.1706131,45.664483,3,20_40,40,3637.505425,229.0795401,15.87878788,13.379,33.105,26.816,3.66-5.88,850-1350,30-40,NE-N,1100,4.5-6.5,350,22.61,450.697
HOF095,SIN_1s_4,SIN_15,Romania,Sinca,SIN_1s,25.1706131,45.664483,4,40_80,80,1661.540579,110.7693719,15,13.463,42.562,36.725,3.66-5.88,850-1350,30-40,NE-N,1100,4.5-6.5,350,22.61,450.697
HOF096,SIN_02_FH,SIN_16,Romania,Sinca,SIN_02,25.1705273,45.6653601,FH,FH,3.62,1207.229556,58.35276127,20.68847352,13.506,25.618,18.046,3.66-5.88,850-1350,30-40,NE-N,1100,4.5-6.5,350,22.61,394.172
HOF097,SIN_02_1,SIN_17,Romania,Sinca,SIN_02,25.1705273,45.6653601,1,0_10,10,6890.112768,488.478144,14.10526316,13.527,31.942,23.906,3.66-5.88,850-1350,30-40,NE-N,1100,4.5-6.5,350,22.61,394.172
HOF098,SIN_02_2,SIN_18,Romania,Sinca,SIN_02,25.1705273,45.6653601,2,10_20,20,5317.308624,338.238528,15.72058824,13.584,33.638,25.769,3.66-5.88,850-1350,30-40,NE-N,1100,4.5-6.5,350,22.61,394.172
HOF099,SIN_02_3,SIN_19,Romania,Sinca,SIN_02,25.1705273,45.6653601,3,20_40,40,5955.434628,333.246342,17.87096774,13.54,32.546,26.26,3.66-5.88,850-1350,30-40,NE-N,1100,4.5-6.5,350,22.61,394.172
HOF100,SIN_02_4,SIN_20,Romania,Sinca,SIN_02,25.1705273,45.6653601,4,40_80,80,3991.21086,237.88674,16.77777778,13.588,44.11,37.354,3.66-5.88,850-1350,30-40,NE-N,1100,4.5-6.5,350,22.61,394.172
HOF101,SIN_06_FH,SIN_21,Romania,Sinca,SIN_06,25.2642011,45.6619636,FH,FH,4.25,788.2557913,43.41078261,18.15806452,13.492,26.67,19.91,3.66-5.88,850-1350,30-40,NE-N,1100,4.5-6.5,350,22.61,400.259
HOF102,SIN_06_1,SIN_22,Romania,Sinca,SIN_06,25.2642011,45.6619636,1,0_10,10,3534.134776,222.690104,15.87019231,13.452,27.156,20.551,3.66-5.88,850-1350,30-40,NE-N,1100,4.5-6.5,350,22.61,400.259
HOF103,SIN_06_2,SIN_23,Romania,Sinca,SIN_06,25.2642011,45.6619636,2,10_20,20,2597.793587,136.947756,18.96923077,13.677,27.773,20.699,3.66-5.88,850-1350,30-40,NE-N,1100,4.5-6.5,350,22.61,400.259
HOF104,SIN_06_3,SIN_24,Romania,Sinca,SIN_06,25.2642011,45.6619636,3,20_40,40,3234.579436,148.6420121,21.76086957,13.462,28.706,20.931,3.66-5.88,850-1350,30-40,NE-N,1100,4.5-6.5,350,22.61,400.259
HOF105,SIN_06_4,SIN_25,Romania,Sinca,SIN_06,25.2642011,45.6619636,4,40_80,80,1731.62281,75.97613793,22.79166667,13.465,34.338,25.993,3.66-5.88,850-1350,30-40,NE-N,1100,4.5-6.5,350,22.61,400.259
HOF106,SIN_07_FH,SIN_26,Romania,Sinca,SIN_07,25.163379,45.6607885,FH,FH,4.37,1687.051572,79.93839783,21.1043956,13.568,27.344,18.863,3.66-5.88,850-1350,30-40,NE-N,1100,4.5-6.5,350,22.61,450.943
HOF107,SIN_07_1,SIN_27,Romania,Sinca,SIN_07,25.163379,45.6607885,1,0_10,10,5777.351061,325.9594957,17.72413793,13.493,32.912,23.419,3.66-5.88,850-1350,30-40,NE-N,1100,4.5-6.5,350,22.61,450.943
HOF108,SIN_07_2,SIN_28,Romania,Sinca,SIN_07,25.163379,45.6607885,2,10_20,20,2954.567095,152.9023222,19.32323232,13.462,34.069,24.909,3.66-5.88,850-1350,30-40,NE-N,1100,4.5-6.5,350,22.61,450.943
HOF109,SIN_07_3,SIN_29,Romania,Sinca,SIN_07,25.163379,45.6607885,3,20_40,40,4181.779274,203.2509057,20.57446809,13.477,36.004,28.371,3.66-5.88,850-1350,30-40,NE-N,1100,4.5-6.5,350,22.61,450.943
HOF110,SIN_07_4,SIN_30,Romania,Sinca,SIN_07,25.163379,45.6607885,4,40_80,80,2438.244712,113.7847532,21.42857143,13.649,36.298,30.257,3.66-5.88,850-1350,30-40,NE-N,1100,4.5-6.5,350,22.61,450.943
HOF111,SIN_08_FH,SIN_31,Romania,Sinca,SIN_08,25.1605633,45.6588076,FH,FH,5.25,558.0578492,23.80036017,23.44745395,13.694,23.507,16.895,3.66-5.88,850-1350,30-40,NE-N,1100,4.5-6.5,350,22.61,326.007
HOF112,SIN_08_1,SIN_32,Romania,Sinca,SIN_08,25.1605633,45.6588076,1,0_10,10,2500.946379,186.3759795,13.41882353,13.55,35.112,25.054,3.66-5.88,850-1350,30-40,NE-N,1100,4.5-6.5,350,22.61,326.007
HOF113,SIN_08_2,SIN_33,Romania,Sinca,SIN_08,25.1605633,45.6588076,2,10_20,20,2306.051343,185.4388421,12.43564356,13.486,36.935,27.895,3.66-5.88,850-1350,30-40,NE-N,1100,4.5-6.5,350,22.61,326.007
HOF114,SIN_08_3,SIN_34,Romania,Sinca,SIN_08,25.1605633,45.6588076,3,20_40,40,3644.643628,290.5520095,12.54385965,13.468,35.995,28.318,3.66-5.88,850-1350,30-40,NE-N,1100,4.5-6.5,350,22.61,326.007
HOF115,SIN_08_4,SIN_35,Romania,Sinca,SIN_08,25.1605633,45.6588076,4,40_80,80,2302.846672,191.9038894,12,13.554,39.796,34.725,3.66-5.88,850-1350,30-40,NE-N,1100,4.5-6.5,350,22.61,326.007
HOF116,SIN_09_FH,SIN_36,Romania,Sinca,SIN_09,25.2619138,45.6587769,FH,FH,5.14,1275.527142,63.56388727,20.06685237,13.501,24.048,17.718,3.66-5.88,850-1350,30-40,NE-N,1100,4.5-6.5,350,22.61,291.804
HOF117,SIN_09_1,SIN_37,Romania,Sinca,SIN_09,25.2619138,45.6587769,1,0_10,10,3633.8379,201.9402,17.99462366,13.605,29.377,21.117,3.66-5.88,850-1350,30-40,NE-N,1100,4.5-6.5,350,22.61,291.804
HOF118,SIN_09_2,SIN_38,Romania,Sinca,SIN_09,25.2619138,45.6587769,2,10_20,20,2528.353881,116.4920923,21.70408163,13.461,32.466,23.459,3.66-5.88,850-1350,30-40,NE-N,1100,4.5-6.5,350,22.61,291.804
HOF119,SIN_09_3,SIN_39,Romania,Sinca,SIN_09,25.2619138,45.6587769,3,20_40,40,2159.39199,93.34547507,23.13333333,13.461,33.478,25.181,3.66-5.88,850-1350,30-40,NE-N,1100,4.5-6.5,350,22.61,291.804
HOF120,SIN_09_4,SIN_40,Romania,Sinca,SIN_09,25.2619138,45.6587769,4,40_80,80,1808.072514,87.54168596,20.65384615,13.678,39.125,31.394,3.66-5.88,850-1350,30-40,NE-N,1100,4.5-6.5,350,22.61,291.804
HOF121,NER_01_01_FH,NER_1,Romania,Izvoarele_Nerei ,NER_01_01,22.077155,45.1365756,FH,FH,4.28,586.19,29.93,19.58787879,13.201,25.779,17.272,3.5-5.42,800-1300,May-33,"S-SW, N-NE",950-1200,10-Apr,5260.3,32.6 ± 0.8,296.344
HOF122,NER_01_01_1,NER_2,Romania,Izvoarele_Nerei ,NER_01_01,22.077155,45.1365756,1,0_10,10,3320.96,210.1,15.80681818,13.171,26.164,20.601,3.5-5.42,800-1300,May-33,"S-SW, N-NE",950-1200,10-Apr,5260.3,32.6 ± 0.8,296.344
HOF123,NER_01_01_2,NER_3,Romania,Izvoarele_Nerei ,NER_01_01,22.077155,45.1365756,2,10_20,20,2731.6,174.09,15.69047619,13.183,30.651,24.413,3.5-5.42,800-1300,May-33,"S-SW, N-NE",950-1200,10-Apr,5260.3,32.6 ± 0.8,296.344
HOF124,NER_01_01_3,NER_4,Romania,Izvoarele_Nerei ,NER_01_01,22.077155,45.1365756,3,20_40,40,3003.582356,174.92,17.17073171,13.252,30.189,25.029,3.5-5.42,800-1300,May-33,"S-SW, N-NE",950-1200,10-Apr,5260.3,32.6 ± 0.8,296.344
HOF125,NER_01_01_4,NER_5,Romania,Izvoarele_Nerei ,NER_01_01,22.077155,45.1365756,4,40_80,80,2699.4,159.18,16.95833333,13.166,31.627,26.922,3.5-5.42,800-1300,May-33,"S-SW, N-NE",950-1200,10-Apr,5260.3,32.6 ± 0.8,296.344
HOF126,NER_01_02_FH,NER_6,Romania,Izvoarele_Nerei ,NER_01_02,22.078084,45.1359739,FH,FH,4,677.18,33.53,20.19362187,13.196,22.44,17.209,3.5-5.42,800-1300,May-33,"S-SW, N-NE",950-1200,10-Apr,5260.3,32.6 ± 0.8,354.444
HOF127,NER_01_02_1,NER_7,Romania,Izvoarele_Nerei ,NER_01_02,22.078084,45.1359739,1,0_10,10,2974.37,201.65,14.75,13.272,30.029,23.092,3.5-5.42,800-1300,May-33,"S-SW, N-NE",950-1200,10-Apr,5260.3,32.6 ± 0.8,354.444
HOF128,NER_01_02_2,NER_8,Romania,Izvoarele_Nerei ,NER_01_02,22.078084,45.1359739,2,10_20,20,2548.27,173.16,14.71666667,13.592,32.624,25.951,3.5-5.42,800-1300,May-33,"S-SW, N-NE",950-1200,10-Apr,5260.3,32.6 ± 0.8,354.444
HOF129,NER_01_02_3,NER_9,Romania,Izvoarele_Nerei ,NER_01_02,22.078084,45.1359739,3,20_40,40,3387.2256,219.28,15.44680851,13.561,34.027,27.552,3.5-5.42,800-1300,May-33,"S-SW, N-NE",950-1200,10-Apr,5260.3,32.6 ± 0.8,354.444
HOF130,NER_01_02_4,NER_10,Romania,Izvoarele_Nerei ,NER_01_02,22.078084,45.1359739,4,40_80,80,4763.3,329.48,14.45714286,13.83,36.031,29.508,3.5-5.42,800-1300,May-33,"S-SW, N-NE",950-1200,10-Apr,5260.3,32.6 ± 0.8,354.444
HOF131,NER_02_01_FH,NER_11,Romania,Izvoarele_Nerei ,NER_02_01,22.0748432,45.1094241,FH,FH,5,665.85,39.98,16.6565008,13.479,24.948,19.187,3.5-5.42,800-1300,May-33,"S-SW, N-NE",950-1200,10-Apr,5260.3,32.6 ± 0.8,475.02
HOF132,NER_02_01_1,NER_12,Romania,Izvoarele_Nerei ,NER_02_01,22.0748432,45.1094241,1,0_10,10,3691.68,277.15,13.32,13.369,32.038,26.154,3.5-5.42,800-1300,May-33,"S-SW, N-NE",950-1200,10-Apr,5260.3,32.6 ± 0.8,475.02
HOF133,NER_02_01_2,NER_13,Romania,Izvoarele_Nerei ,NER_02_01,22.0748432,45.1094241,2,10_20,20,2077.03,145.99,14.22727273,13.384,33.714,27.768,3.5-5.42,800-1300,May-33,"S-SW, N-NE",950-1200,10-Apr,5260.3,32.6 ± 0.8,475.02
HOF134,NER_02_01_3,NER_14,Romania,Izvoarele_Nerei ,NER_02_01,22.0748432,45.1094241,3,20_40,40,4321.1518,285.01,15.16129032,13.444,35.551,29.611,3.5-5.42,800-1300,May-33,"S-SW, N-NE",950-1200,10-Apr,5260.3,32.6 ± 0.8,475.02
HOF135,NER_02_01_4,NER_15,Romania,Izvoarele_Nerei ,NER_02_01,22.0748432,45.1094241,4,40_80,80,4148.2,256.85,16.15,13.489,36.543,30.846,3.5-5.42,800-1300,May-33,"S-SW, N-NE",950-1200,10-Apr,5260.3,32.6 ± 0.8,475.02
HOF136,NER_02_02_FH,NER_16,Romania,Izvoarele_Nerei ,NER_02_02,22.0742748,45.1090305,FH,FH,5.5,1674.13,75.42,22.19795222,13.613,23.863,18.23,3.5-5.42,800-1300,May-33,"S-SW, N-NE",950-1200,10-Apr,5260.3,32.6 ± 0.8,531.487
HOF137,NER_02_02_1,NER_17,Romania,Izvoarele_Nerei ,NER_02_02,22.0742748,45.1090305,1,0_10,10,4901.69,326.78,15,13.514,28.98,23.524,3.5-5.42,800-1300,May-33,"S-SW, N-NE",950-1200,10-Apr,5260.3,32.6 ± 0.8,531.487
HOF138,NER_02_02_2,NER_18,Romania,Izvoarele_Nerei ,NER_02_02,22.0742748,45.1090305,2,10_20,20,4083.12,288.41,14.15714286,13.473,31.497,25.732,3.5-5.42,800-1300,May-33,"S-SW, N-NE",950-1200,10-Apr,5260.3,32.6 ± 0.8,531.487
HOF139,NER_02_02_3,NER_19,Romania,Izvoarele_Nerei ,NER_02_02,22.0742748,45.1090305,3,20_40,40,6515.949791,433.81,15.02040816,13.488,32.164,26.79,3.5-5.42,800-1300,May-33,"S-SW, N-NE",950-1200,10-Apr,5260.3,32.6 ± 0.8,531.487
HOF140,NER_02_02_4,NER_20,Romania,Izvoarele_Nerei ,NER_02_02,22.0742748,45.1090305,4,40_80,80,3683.23,246.26,14.95652174,13.517,35.702,30.299,3.5-5.42,800-1300,May-33,"S-SW, N-NE",950-1200,10-Apr,5260.3,32.6 ± 0.8,531.487
HOF141,NER_02_03_FH,NER_21,Romania,Izvoarele_Nerei ,NER_02_03,22.0732241,45.1097631,FH,FH,6,910.75,41.32,22.03883495,13.471,25.071,19.001,3.5-5.42,800-1300,May-33,"S-SW, N-NE",950-1200,10-Apr,5260.3,32.6 ± 0.8,449.819
HOF142,NER_02_03_1,NER_22,Romania,Izvoarele_Nerei ,NER_02_03,22.0732241,45.1097631,1,0_10,10,3670.08,245.45,14.95238095,13.549,32.857,25.4,3.5-5.42,800-1300,May-33,"S-SW, N-NE",950-1200,10-Apr,5260.3,32.6 ± 0.8,449.819
HOF143,NER_02_03_2,NER_23,Romania,Izvoarele_Nerei ,NER_02_03,22.0732241,45.1097631,2,10_20,20,4308.62,320.38,13.44827586,13.538,34.258,27.542,3.5-5.42,800-1300,May-33,"S-SW, N-NE",950-1200,10-Apr,5260.3,32.6 ± 0.8,449.819
HOF144,NER_02_03_3,NER_24,Romania,Izvoarele_Nerei ,NER_02_03,22.0732241,45.1097631,3,20_40,40,5428.162656,376.96,14.4,13.494,34.114,27.993,3.5-5.42,800-1300,May-33,"S-SW, N-NE",950-1200,10-Apr,5260.3,32.6 ± 0.8,449.819
HOF145,NER_02_03_4,NER_25,Romania,Izvoarele_Nerei ,NER_02_03,22.0732241,45.1097631,4,40_80,80,5039.94,338.6,14.88461538,13.457,36.847,30.822,3.5-5.42,800-1300,May-33,"S-SW, N-NE",950-1200,10-Apr,5260.3,32.6 ± 0.8,449.819
HOF146,NER_03_01_FH,NER_26,Romania,Izvoarele_Nerei ,NER_03_01,22.0645251,45.0786763,FH,FH,4.87,410.11,20.11,20.39430894,13.422,23.257,17.425,3.5-5.42,800-1300,May-33,"S-SW, N-NE",950-1200,10-Apr,5260.3,32.6 ± 0.8,367.632
HOF147,NER_03_01_1,NER_27,Romania,Izvoarele_Nerei ,NER_03_01,22.0645251,45.0786763,1,0_10,10,3160.3,206.24,15.32352941,13.483,30.394,23.486,3.5-5.42,800-1300,May-33,"S-SW, N-NE",950-1200,10-Apr,5260.3,32.6 ± 0.8,367.632
HOF148,NER_03_01_2,NER_28,Romania,Izvoarele_Nerei ,NER_03_01,22.0645251,45.0786763,2,10_20,20,2429.66,153.3,15.8490566,13.478,37.103,29.883,3.5-5.42,800-1300,May-33,"S-SW, N-NE",950-1200,10-Apr,5260.3,32.6 ± 0.8,367.632
HOF149,NER_03_01_3,NER_29,Romania,Izvoarele_Nerei ,NER_03_01,22.0645251,45.0786763,3,20_40,40,3296.136742,209.62,15.72413793,13.51,39.603,32.68,3.5-5.42,800-1300,May-33,"S-SW, N-NE",950-1200,10-Apr,5260.3,32.6 ± 0.8,367.632
HOF150,NER_03_01_4,NER_30,Romania,Izvoarele_Nerei ,NER_03_01,22.0645251,45.0786763,4,40_80,80,1372.29,87.41,15.7,13.476,41.316,36.117,3.5-5.42,800-1300,May-33,"S-SW, N-NE",950-1200,10-Apr,5260.3,32.6 ± 0.8,367.632
HOF151,NER_03_02_FH,NER_31,Romania,Izvoarele_Nerei ,NER_03_02,22.0643071,45.078528,FH,FH,3.82,404.55,18.26,22.15177305,13.449,23.955,18.204,3.5-5.42,800-1300,May-33,"S-SW, N-NE",950-1200,10-Apr,5260.3,32.6 ± 0.8,383.009
HOF152,NER_03_02_1,NER_32,Romania,Izvoarele_Nerei ,NER_03_02,22.0643071,45.078528,1,0_10,10,4744.14,334.21,14.19512195,13.41,32.183,25.742,3.5-5.42,800-1300,May-33,"S-SW, N-NE",950-1200,10-Apr,5260.3,32.6 ± 0.8,383.009
HOF153,NER_03_02_2,NER_33,Romania,Izvoarele_Nerei ,NER_03_02,22.0643071,45.078528,2,10_20,20,1893.83,138.72,13.65217391,13.409,36.269,29.993,3.5-5.42,800-1300,May-33,"S-SW, N-NE",950-1200,10-Apr,5260.3,32.6 ± 0.8,383.009
HOF154,NER_03_02_3,NER_34,Romania,Izvoarele_Nerei ,NER_03_02,22.0643071,45.078528,3,20_40,40,3021.767031,216.78,13.93939394,13.524,36.732,30.676,3.5-5.42,800-1300,May-33,"S-SW, N-NE",950-1200,10-Apr,5260.3,32.6 ± 0.8,383.009
HOF155,NER_03_02_4,NER_35,Romania,Izvoarele_Nerei ,NER_03_02,22.0643071,45.078528,4,40_80,80,1826.88,126.62,14.42857143,13.543,45.527,39.22,3.5-5.42,800-1300,May-33,"S-SW, N-NE",950-1200,10-Apr,5260.3,32.6 ± 0.8,383.009
HOF156,NER_03_03_FH,NER_36,Romania,Izvoarele_Nerei ,NER_03_03,22.0635042,45.0785283,FH,FH,5.75,471.69,23.93,19.71193416,13.476,24.178,17.931,3.5-5.42,800-1300,May-33,"S-SW, N-NE",950-1200,10-Apr,5260.3,32.6 ± 0.8,337.183
HOF157,NER_03_03_1,NER_37,Romania,Izvoarele_Nerei ,NER_03_03,22.0635042,45.0785283,1,0_10,10,2895.42,218.08,13.27710843,13.555,33.724,26.567,3.5-5.42,800-1300,May-33,"S-SW, N-NE",950-1200,10-Apr,5260.3,32.6 ± 0.8,337.183
HOF158,NER_03_03_2,NER_38,Romania,Izvoarele_Nerei ,NER_03_03,22.0635042,45.0785283,2,10_20,20,2110.2,154.33,13.67346939,13.604,38.054,30.917,3.5-5.42,800-1300,May-33,"S-SW, N-NE",950-1200,10-Apr,5260.3,32.6 ± 0.8,337.183
HOF159,NER_03_03_3,NER_39,Romania,Izvoarele_Nerei ,NER_03_03,22.0635042,45.0785283,3,20_40,40,3168.053767,233.71,13.55555556,13.372,37.779,31.838,3.5-5.42,800-1300,May-33,"S-SW, N-NE",950-1200,10-Apr,5260.3,32.6 ± 0.8,337.183
HOF160,NER_03_03_4,NER_40,Romania,Izvoarele_Nerei ,NER_03_03,22.0635042,45.0785283,4,40_80,80,2239.63,164.68,13.6,13.533,44.182,38.425,3.5-5.42,800-1300,May-33,"S-SW, N-NE",950-1200,10-Apr,5260.3,32.6 ± 0.8,337.183
